10248,"Queso Cabrales,Singaporean Hokkien Fried Mee,Mozzarella di Giovanni",1996-07-04
10249,"Manjimup Dried Apples,Tofu",1996-07-05
10250,"Jack's New England Clam Chowder,Manjimup Dried Apples,Louisiana Fiery Hot Pepper Sauce",1996-07-08
10251,"Gustaf's Knäckebröd,Ravioli Angelo,Louisiana Fiery Hot Pepper Sauce",1996-07-08
10252,"Geitost,Camembert Pierrot,Sir Rodney's Marmalade",1996-07-09
10253,"Gorgonzola Telino,Chartreuse verte,Maxilaku",1996-07-10
10254,"Guaraná Fantástica,Pâté chinois,Longlife Tofu",1996-07-11
10255,"Chang,Pavlova,Inlagd Sill,Raclette Courdavault",1996-07-12
10256,"Perth Pasties,Original Frankfurter grüne Soße",1996-07-15
10257,"Original Frankfurter grüne Soße,Schoggi Schokolade,Chartreuse verte",1996-07-16
10258,"Chang,Chef Anton's Gumbo Mix,Mascarpone Fabioli",1996-07-17
10259,"Sir Rodney's Scones,Gravad lax",1996-07-18
10260,"Tarte au sucre,Outback Lager,Jack's New England Clam Chowder,Ravioli Angelo",1996-07-19
10261,"Sir Rodney's Scones,Steeleye Stout",1996-07-19
10262,"Chef Anton's Gumbo Mix,Uncle Bob's Organic Dried Pears,Gnocchi di nonna Alice",1996-07-22
10263,"Guaraná Fantástica,Nord-Ost Matjeshering,Longlife Tofu,Pavlova",1996-07-23
10264,"Chang,Jack's New England Clam Chowder",1996-07-24
10265,"Alice Mutton,Outback Lager",1996-07-25
10266,"Queso Manchego La Pastora",1996-07-26
10267,"Boston Crab Meat,Raclette Courdavault,Lakkalikööri",1996-07-29
10268,"Thüringer Rostbratwurst,Mozzarella di Giovanni",1996-07-30
10269,"Geitost,Mozzarella di Giovanni",1996-07-31
10270,"Ipoh Coffee,Inlagd Sill",1996-08-01
10271,Geitost,1996-08-01
10272,"Sir Rodney's Marmalade,Gorgonzola Telino,Mozzarella di Giovanni",1996-08-02
10273,"Boston Crab Meat,Lakkalikööri,Ikura,Gorgonzola Telino,Geitost",1996-08-05
10274,"Flotemysost,Mozzarella di Giovanni",1996-08-06
10275,"Guaraná Fantástica,Raclette Courdavault",1996-08-07
10276,"Ikura,Konbu",1996-08-08
10277,"Rössle Sauerkraut,Tarte au sucre",1996-08-09
10278,"Gula Malacca,Raclette Courdavault,Vegie-spread,Röd Kaviar",1996-08-12
10279,"Alice Mutton",1996-08-13
10280,"Pâté chinois,Rhönbräu Klosterbier,Guaraná Fantástica",1996-08-14
10281,"Teatime Chocolate Biscuits,Guaraná Fantástica,Steeleye Stout",1996-08-14
10282,"Nord-Ost Matjeshering,Ravioli Angelo",1996-08-15
10283,"Teatime Chocolate Biscuits,Camembert Pierrot,Mozzarella di Giovanni,Genen Shouyu",1996-08-16
10284,"Schoggi Schokolade,Gula Malacca,Camembert Pierrot,Laughing Lumberjack Lager",1996-08-19
10285,"Boston Crab Meat,Perth Pasties,Chai",1996-08-20
10286,"Steeleye Stout,Tarte au sucre",1996-08-21
10287,"Pavlova,Sasquatch Ale,Spegesild",1996-08-22
10288,"Scottish Longbreads,Tourtière",1996-08-23
10289,"Aniseed Syrup,Wimmers gute Semmelknödel",1996-08-26
10290,"Chef Anton's Gumbo Mix,Thüringer Rostbratwurst,Maxilaku,Original Frankfurter grüne Soße",1996-08-27
10291,"Gula Malacca,Manjimup Dried Apples,Konbu",1996-08-27
10292,"Sir Rodney's Marmalade",1996-08-28
10293,"Carnarvon Tigers,Guaraná Fantástica,Vegie-spread,Rhönbräu Klosterbier",1996-08-29
10294,"Alice Mutton,Ipoh Coffee,Camembert Pierrot,Rhönbräu Klosterbier,Chai",1996-08-30
10295,"Gnocchi di nonna Alice",1996-09-02
10296,"Queso Cabrales,Pavlova,Gudbrandsdalsost",1996-09-03
10297,"Chartreuse verte,Mozzarella di Giovanni",1996-09-04
10298,"Chang,Inlagd Sill,Raclette Courdavault,Tarte au sucre",1996-09-05
10299,"Teatime Chocolate Biscuits,Outback Lager",1996-09-06
10300,"Louisiana Hot Spiced Okra,Scottish Longbreads",1996-09-09
10301,"Boston Crab Meat,Gnocchi di nonna Alice",1996-09-09
10302,"Alice Mutton,Rössle Sauerkraut,Ipoh Coffee",1996-09-10
10303,"Louisiana Fiery Hot Pepper Sauce,Scottish Longbreads,Boston Crab Meat",1996-09-11
10304,"Maxilaku,Raclette Courdavault,Flotemysost",1996-09-12
10305,"Carnarvon Tigers,Thüringer Rostbratwurst,Chartreuse verte",1996-09-13
10306,"Nord-Ost Matjeshering,Perth Pasties,Tourtière",1996-09-16
10307,"Tarte au sucre,Scottish Longbreads",1996-09-17
10308,"Gudbrandsdalsost,Outback Lager",1996-09-18
10309,"Grandma's Boysenberry Spread,Singaporean Hokkien Fried Mee,Ipoh Coffee,Flotemysost,Chef Anton's Cajun Seasoning",1996-09-19
10310,"Pavlova,Tarte au sucre",1996-09-20
10311,"Singaporean Hokkien Fried Mee,Gudbrandsdalsost",1996-09-20
10312,"Rössle Sauerkraut,Ipoh Coffee,Perth Pasties,Rhönbräu Klosterbier",1996-09-23
10313,"Inlagd Sill",1996-09-24
10314,"Mascarpone Fabioli,Escargots de Bourgogne,Tarte au sucre",1996-09-25
10315,"Sasquatch Ale,Outback Lager",1996-09-26
10316,"Jack's New England Clam Chowder,Tarte au sucre",1996-09-27
10317,Chai,1996-09-30
10318,"Jack's New England Clam Chowder,Lakkalikööri",1996-10-01
10319,"Rössle Sauerkraut,Lakkalikööri,Alice Mutton",1996-10-02
10320,Flotemysost,1996-10-03
10321,"Steeleye Stout",1996-10-03
10322,"Filo Mix",1996-10-04
10323,"Genen Shouyu,NuNuCa Nuß-Nougat-Creme,Chartreuse verte",1996-10-07
10324,"Pavlova,Steeleye Stout,Spegesild,Raclette Courdavault,Vegie-spread",1996-10-08
10325,"Gorgonzola Telino,Mozzarella di Giovanni,Grandma's Boysenberry Spread,Konbu,Tofu",1996-10-09
10326,"Chef Anton's Cajun Seasoning,Ravioli Angelo,Rhönbräu Klosterbier",1996-10-10
10327,"Escargots de Bourgogne,Chang,Queso Cabrales,Nord-Ost Matjeshering",1996-10-11
10328,"Raclette Courdavault,Louisiana Fiery Hot Pepper Sauce,Scottish Longbreads",1996-10-14
10329,"Teatime Chocolate Biscuits,Nord-Ost Matjeshering,Côte de Blaye,Gnocchi di nonna Alice",1996-10-15
10330,"Gumbär Gummibärchen,Mozzarella di Giovanni",1996-10-16
10331,"Tourtière",1996-10-16
10332,"Carnarvon Tigers,Singaporean Hokkien Fried Mee,Zaanse koeken",1996-10-17
10333,"Flotemysost,Tofu,Sir Rodney's Scones",1996-10-18
10334,"Filo Mix,Scottish Longbreads",1996-10-21
10335,"Chang,Gorgonzola Telino,Mascarpone Fabioli,Manjimup Dried Apples",1996-10-22
10336,"Chef Anton's Cajun Seasoning",1996-10-23
10337,"Tunnbröd,Gumbär Gummibärchen,Inlagd Sill,Gravad lax,Mozzarella di Giovanni",1996-10-24
10338,"Alice Mutton,Nord-Ost Matjeshering",1996-10-25
10339,"Alice Mutton,Tarte au sucre,Chef Anton's Cajun Seasoning",1996-10-28
10340,"Carnarvon Tigers,Jack's New England Clam Chowder,Ipoh Coffee",1996-10-29
10341,"Geitost,Raclette Courdavault",1996-10-29
10342,"Gorgonzola Telino,Inlagd Sill,Pâté chinois,Chang",1996-10-30
10343,"Wimmers gute Semmelknödel,Scottish Longbreads,Lakkalikööri",1996-10-31
10344,"Chef Anton's Cajun Seasoning,Northwoods Cranberry Sauce",1996-11-01
10345,"Northwoods Cranberry Sauce,Teatime Chocolate Biscuits,Singaporean Hokkien Fried Mee",1996-11-04
10346,"Alice Mutton,Gnocchi di nonna Alice",1996-11-05
10347,"Rhönbräu Klosterbier,NuNuCa Nuß-Nougat-Creme,Chartreuse verte,Boston Crab Meat",1996-11-06
10348,"Chai,Tunnbröd",1996-11-07
10349,"Tourtière",1996-11-08
10350,"Valkoinen suklaa,Gudbrandsdalsost",1996-11-11
10351,"Gula Malacca,Louisiana Fiery Hot Pepper Sauce,Côte de Blaye,Jack's New England Clam Chowder",1996-11-11
10352,"Guaraná Fantástica,Tourtière",1996-11-12
10353,"Queso Cabrales,Côte de Blaye",1996-11-13
10354,"Chai,Thüringer Rostbratwurst",1996-11-14
10355,"Guaraná Fantástica,Ravioli Angelo",1996-11-15
10356,"Gorgonzola Telino,Pâté chinois,Gudbrandsdalsost",1996-11-18
10357,"Ikura,Gumbär Gummibärchen,Camembert Pierrot",1996-11-19
10358,"Guaraná Fantástica,Sasquatch Ale,Inlagd Sill",1996-11-20
10359,"Pavlova,Gorgonzola Telino,Camembert Pierrot",1996-11-21
10360,"Côte de Blaye,Maxilaku,Tourtière,Rössle Sauerkraut,Thüringer Rostbratwurst",1996-11-22
10361,"Chartreuse verte,Camembert Pierrot",1996-11-22
10362,"NuNuCa Nuß-Nougat-Creme,Manjimup Dried Apples,Tourtière",1996-11-25
10363,"Gorgonzola Telino,Rhönbräu Klosterbier,Lakkalikööri",1996-11-26
10364,"Gudbrandsdalsost,Flotemysost",1996-11-26
10365,"Queso Cabrales",1996-11-27
10366,"Louisiana Fiery Hot Pepper Sauce,Original Frankfurter grüne Soße",1996-11-28
10367,"Sasquatch Ale,Tourtière,Louisiana Fiery Hot Pepper Sauce,Original Frankfurter grüne Soße",1996-11-28
10368,"Sir Rodney's Scones,Rössle Sauerkraut,Ravioli Angelo,Wimmers gute Semmelknödel",1996-11-29
10369,"Thüringer Rostbratwurst,Gnocchi di nonna Alice",1996-12-02
10370,"Chai,Wimmers gute Semmelknödel,Longlife Tofu",1996-12-03
10371,"Inlagd Sill",1996-12-03
10372,"Camembert Pierrot,Mozzarella di Giovanni,Sir Rodney's Marmalade,Côte de Blaye",1996-12-04
10373,"Escargots de Bourgogne,Flotemysost",1996-12-05
10374,"Gorgonzola Telino,Escargots de Bourgogne",1996-12-05
10375,"Tofu,Tourtière",1996-12-06
10376,"Gorgonzola Telino",1996-12-09
10377,"Rössle Sauerkraut,Chartreuse verte",1996-12-09
10378,Flotemysost,1996-12-10
10379,"Jack's New England Clam Chowder,Vegie-spread,Louisiana Fiery Hot Pepper Sauce",1996-12-11
10380,"Perth Pasties,Camembert Pierrot,Outback Lager,Nord-Ost Matjeshering",1996-12-12
10381,"Longlife Tofu",1996-12-12
10382,"Longlife Tofu,Chef Anton's Gumbo Mix,Carnarvon Tigers,Thüringer Rostbratwurst,Geitost",1996-12-13
10383,"Konbu,Valkoinen suklaa,Gnocchi di nonna Alice",1996-12-16
10384,"Sir Rodney's Marmalade,Camembert Pierrot",1996-12-16
10385,"Scottish Longbreads,Uncle Bob's Organic Dried Pears,Camembert Pierrot",1996-12-17
10386,"Guaraná Fantástica,Sasquatch Ale",1996-12-18
10387,"Guaraná Fantástica,Rössle Sauerkraut,Raclette Courdavault,Flotemysost",1996-12-18
10388,"Filo Mix,Perth Pasties,Rogede sild",1996-12-19
10389,"Ikura,Pâté chinois,Tarte au sucre,Outback Lager",1996-12-20
10390,"Spegesild,Mozzarella di Giovanni,Gorgonzola Telino,Steeleye Stout",1996-12-23
10391,Konbu,1996-12-23
10392,Gudbrandsdalsost,1996-12-24
10393,"Gorgonzola Telino,Chang,Tofu,NuNuCa Nuß-Nougat-Creme,Gumbär Gummibärchen",1996-12-25
10394,"Konbu,Tarte au sucre",1996-12-25
10395,"Spegesild,Perth Pasties,Gudbrandsdalsost",1996-12-26
10396,"Mozzarella di Giovanni,Tunnbröd,Flotemysost",1996-12-27
10397,"Sir Rodney's Scones,Manjimup Dried Apples",1996-12-27
10398,"Steeleye Stout,Pâté chinois",1996-12-30
10399,"Original Frankfurter grüne Soße,Scottish Longbreads,Flotemysost,Lakkalikööri",1996-12-31
10400,"Thüringer Rostbratwurst,Steeleye Stout,Maxilaku",1997-01-01
10401,"Nord-Ost Matjeshering,Gnocchi di nonna Alice,Louisiana Fiery Hot Pepper Sauce,Flotemysost",1997-01-01
10402,"Tunnbröd,Vegie-spread",1997-01-02
10403,"Pavlova,Chocolade",1997-01-03
10404,"Gumbär Gummibärchen,Singaporean Hokkien Fried Mee,Maxilaku",1997-01-03
10405,"Aniseed Syrup",1997-01-06
10406,"Chai,Sir Rodney's Scones,Rössle Sauerkraut,Inlagd Sill,Boston Crab Meat",1997-01-07
10407,"Queso Cabrales,Gudbrandsdalsost,Flotemysost",1997-01-07
10408,"Gravad lax,Tourtière,Tarte au sucre",1997-01-08
10409,"Tofu,Sir Rodney's Scones",1997-01-09
10410,"Geitost,Raclette Courdavault",1997-01-10
10411,"Gula Malacca,Raclette Courdavault,Jack's New England Clam Chowder",1997-01-10
10412,Tofu,1997-01-13
10413,"Chai,Tarte au sucre,Lakkalikööri",1997-01-14
10414,"Teatime Chocolate Biscuits,Geitost",1997-01-14
10415,"Alice Mutton,Geitost",1997-01-15
10416,"Teatime Chocolate Biscuits,Perth Pasties,Ravioli Angelo",1997-01-16
10417,"Original Frankfurter grüne Soße,Côte de Blaye,Spegesild,Scottish Longbreads",1997-01-16
10418,"Chang,Zaanse koeken,Sirop d'érable,Longlife Tofu",1997-01-17
10419,"Camembert Pierrot,Gudbrandsdalsost",1997-01-20
10420,"Konbu,Outback Lager,Röd Kaviar,Mishi Kobe Niku",1997-01-21
10421,"Teatime Chocolate Biscuits,Gumbär Gummibärchen,Perth Pasties,Original Frankfurter grüne Soße",1997-01-21
10422,"Gumbär Gummibärchen",1997-01-22
10423,"Gorgonzola Telino,Raclette Courdavault",1997-01-23
10424,"Steeleye Stout,Côte de Blaye,Scottish Longbreads",1997-01-23
10425,"Pâté chinois,Lakkalikööri",1997-01-24
10426,"Wimmers gute Semmelknödel,Gnocchi di nonna Alice",1997-01-27
10427,Tofu,1997-01-27
10428,Spegesild,1997-01-28
10429,"Valkoinen suklaa,Vegie-spread",1997-01-29
10430,"Raclette Courdavault,Alice Mutton,Sir Rodney's Scones,Gnocchi di nonna Alice",1997-01-30
10431,"Alice Mutton,Boston Crab Meat,Zaanse koeken",1997-01-30
10432,"Gumbär Gummibärchen,Tourtière",1997-01-31
10433,"Gnocchi di nonna Alice",1997-02-03
10434,"Lakkalikööri,Queso Cabrales",1997-02-03
10435,"Chang,Gustaf's Knäckebröd,Mozzarella di Giovanni",1997-02-04
10436,"Spegesild,Gnocchi di nonna Alice,Wimmers gute Semmelknödel,Rhönbräu Klosterbier",1997-02-05
10437,"Perth Pasties",1997-02-05
10438,"Teatime Chocolate Biscuits,Sasquatch Ale,Ravioli Angelo",1997-02-06
10439,"Queso Manchego La Pastora,Pavlova,Wimmers gute Semmelknödel,Longlife Tofu",1997-02-07
10440,"Chang,Pavlova,Thüringer Rostbratwurst,Sirop d'érable",1997-02-10
10441,"Schoggi Schokolade",1997-02-10
10442,"Queso Cabrales,Tourtière,Louisiana Hot Spiced Okra",1997-02-11
10443,"Queso Cabrales,Rössle Sauerkraut",1997-02-12
10444,"Alice Mutton,Gumbär Gummibärchen,Steeleye Stout,Jack's New England Clam Chowder",1997-02-12
10445,"Chartreuse verte,Tourtière",1997-02-13
10446,"Teatime Chocolate Biscuits,Guaraná Fantástica,Gorgonzola Telino,Filo Mix",1997-02-14
10447,"Teatime Chocolate Biscuits,Louisiana Fiery Hot Pepper Sauce,Flotemysost",1997-02-14
10448,"Boston Crab Meat,Gumbär Gummibärchen",1997-02-17
10449,"Ikura,Filo Mix,Tarte au sucre",1997-02-18
10450,"Ikura,Tourtière",1997-02-19
10451,"Louisiana Fiery Hot Pepper Sauce,Original Frankfurter grüne Soße,Pâté chinois,Wimmers gute Semmelknödel",1997-02-19
10452,"Rössle Sauerkraut,Gula Malacca",1997-02-20
10453,"Chocolade,Outback Lager",1997-02-21
10454,"Spegesild,Pavlova,Geitost",1997-02-21
10455,"Chartreuse verte,Perth Pasties,Sirop d'érable,Flotemysost",1997-02-24
10456,"Sir Rodney's Scones,Maxilaku",1997-02-25
10457,"Raclette Courdavault",1997-02-25
10458,"Gumbär Gummibärchen,Rössle Sauerkraut,Ipoh Coffee,Gnocchi di nonna Alice,Flotemysost",1997-02-26
10459,"Uncle Bob's Organic Dried Pears,Spegesild,Mozzarella di Giovanni",1997-02-27
10460,"Scottish Longbreads,Rhönbräu Klosterbier",1997-02-28
10461,"Sir Rodney's Scones,Nord-Ost Matjeshering,Pâté chinois",1997-02-28
10462,"Konbu,Tunnbröd",1997-03-03
10463,"Singaporean Hokkien Fried Mee,Teatime Chocolate Biscuits",1997-03-04
10464,"Chef Anton's Cajun Seasoning,Ipoh Coffee,Gnocchi di nonna Alice,Camembert Pierrot",1997-03-04
10465,"Rogede sild,Valkoinen suklaa,Guaraná Fantástica,Thüringer Rostbratwurst,Boston Crab Meat",1997-03-05
10466,"Queso Cabrales,Spegesild",1997-03-06
10467,"Guaraná Fantástica,NuNuCa Nuß-Nougat-Creme",1997-03-06
10468,"Nord-Ost Matjeshering,Ipoh Coffee",1997-03-07
10469,"Chang,Pavlova,Gula Malacca",1997-03-10
10470,"Carnarvon Tigers,Tunnbröd,Wimmers gute Semmelknödel",1997-03-11
10471,"Uncle Bob's Organic Dried Pears,Gnocchi di nonna Alice",1997-03-11
10472,"Guaraná Fantástica,Manjimup Dried Apples",1997-03-12
10473,"Geitost,Flotemysost",1997-03-13
10474,"Tofu,Rössle Sauerkraut,Boston Crab Meat,Rhönbräu Klosterbier",1997-03-13
10475,"Gorgonzola Telino,Louisiana Hot Spiced Okra,Lakkalikööri",1997-03-14
10476,"Pâté chinois,Outback Lager",1997-03-17
10477,"Chai,Sir Rodney's Scones,Chartreuse verte",1997-03-17
10478,Ikura,1997-03-18
10479,"Côte de Blaye,Perth Pasties,Raclette Courdavault,Wimmers gute Semmelknödel",1997-03-19
10480,"Zaanse koeken,Raclette Courdavault",1997-03-20
10481,"Camembert Pierrot,Maxilaku",1997-03-20
10482,"Boston Crab Meat",1997-03-21
10483,"Sasquatch Ale,Original Frankfurter grüne Soße",1997-03-24
10484,"Sir Rodney's Scones,Boston Crab Meat,Manjimup Dried Apples",1997-03-24
10485,"Aniseed Syrup,Pâté chinois,Outback Lager,Chang",1997-03-25
10486,"Queso Cabrales,Manjimup Dried Apples,Longlife Tofu",1997-03-26
10487,"Tourtière,Teatime Chocolate Biscuits,Gumbär Gummibärchen",1997-03-26
10488,"Raclette Courdavault,Röd Kaviar",1997-03-27
10489,"Queso Cabrales,Pavlova",1997-03-28
10490,"Raclette Courdavault,Scottish Longbreads,Rhönbräu Klosterbier",1997-03-31
10491,"Gula Malacca,Original Frankfurter grüne Soße",1997-03-31
10492,"NuNuCa Nuß-Nougat-Creme,Singaporean Hokkien Fried Mee",1997-04-01
10493,"Louisiana Fiery Hot Pepper Sauce,Louisiana Hot Spiced Okra,Gudbrandsdalsost",1997-04-02
10494,"Gnocchi di nonna Alice",1997-04-02
10495,"Tunnbröd,Jack's New England Clam Chowder,Original Frankfurter grüne Soße",1997-04-03
10496,"Gorgonzola Telino",1997-04-04
10497,"Gnocchi di nonna Alice,Mozzarella di Giovanni,Original Frankfurter grüne Soße",1997-04-04
10498,"Boston Crab Meat,Singaporean Hokkien Fried Mee,Guaraná Fantástica",1997-04-07
10499,"Rössle Sauerkraut,Maxilaku",1997-04-08
10500,"Genen Shouyu,Rössle Sauerkraut",1997-04-09
10501,"Tourtière",1997-04-09
10502,"Perth Pasties,Laughing Lumberjack Lager,Rogede sild",1997-04-10
10503,"Tofu,Louisiana Fiery Hot Pepper Sauce",1997-04-11
10504,"Chang,Sir Rodney's Scones,Perth Pasties,Sirop d'érable",1997-04-11
10505,"Tarte au sucre",1997-04-14
10506,"NuNuCa Nuß-Nougat-Creme,Outback Lager",1997-04-15
10507,"Ipoh Coffee,Chocolade",1997-04-15
10508,"Konbu,Chartreuse verte",1997-04-16
10509,"Rössle Sauerkraut",1997-04-17
10510,"Thüringer Rostbratwurst,Rhönbräu Klosterbier",1997-04-18
10511,"Chef Anton's Cajun Seasoning,Uncle Bob's Organic Dried Pears,Northwoods Cranberry Sauce",1997-04-18
10512,"Camembert Pierrot,Guaraná Fantástica,Spegesild,Zaanse koeken",1997-04-21
10513,"Sir Rodney's Scones,Mascarpone Fabioli,Sirop d'érable",1997-04-22
10514,"Rhönbräu Klosterbier,Sir Rodney's Marmalade,Rössle Sauerkraut,Gnocchi di nonna Alice,Louisiana Fiery Hot Pepper Sauce",1997-04-22
10515,"Mishi Kobe Niku,Pavlova,Schoggi Schokolade,Geitost,Camembert Pierrot",1997-04-23
10516,"Singaporean Hokkien Fried Mee,Carnarvon Tigers,Jack's New England Clam Chowder",1997-04-24
10517,"Filo Mix,Raclette Courdavault,Outback Lager",1997-04-24
10518,"Guaraná Fantástica,Côte de Blaye,Gula Malacca",1997-04-25
10519,"Gnocchi di nonna Alice,Camembert Pierrot,Ikura",1997-04-28
10520,"Guaraná Fantástica,Perth Pasties",1997-04-29
10521,"Steeleye Stout,Jack's New England Clam Chowder,Scottish Longbreads",1997-04-29
10522,"Northwoods Cranberry Sauce,Nord-Ost Matjeshering,Boston Crab Meat,Chai",1997-04-30
10523,"Alice Mutton,Sir Rodney's Marmalade,Gravad lax,Jack's New England Clam Chowder",1997-05-01
10524,"Nord-Ost Matjeshering,Ipoh Coffee,Tourtière,Ikura",1997-05-01
10525,"Inlagd Sill,Boston Crab Meat",1997-05-02
10526,"Chai,Konbu,Gnocchi di nonna Alice",1997-05-05
10527,"Chef Anton's Cajun Seasoning,Inlagd Sill",1997-05-05
10528,"Queso Cabrales,Geitost,Mozzarella di Giovanni",1997-05-06
10529,"Pâté chinois,Scottish Longbreads,Gudbrandsdalsost",1997-05-07
10530,"Alice Mutton,Ipoh Coffee,Sirop d'érable,Lakkalikööri",1997-05-08
10531,"Raclette Courdavault",1997-05-08
10532,"Nord-Ost Matjeshering,Louisiana Hot Spiced Okra",1997-05-09
10533,"Mozzarella di Giovanni,Röd Kaviar,Chef Anton's Cajun Seasoning",1997-05-12
10534,"Nord-Ost Matjeshering,Boston Crab Meat,Tourtière",1997-05-12
10535,"Raclette Courdavault,Queso Cabrales,Boston Crab Meat,Ravioli Angelo",1997-05-13
10536,"Queso Manchego La Pastora,Gorgonzola Telino,Geitost,Camembert Pierrot",1997-05-14
10537,"Mozzarella di Giovanni,Röd Kaviar,Gorgonzola Telino,Manjimup Dried Apples,Escargots de Bourgogne",1997-05-14
10538,"Outback Lager,Mozzarella di Giovanni",1997-05-15
10539,"Konbu,Sir Rodney's Scones,Geitost,Maxilaku",1997-05-16
10540,"Aniseed Syrup,Gumbär Gummibärchen,Côte de Blaye,Scottish Longbreads",1997-05-19
10541,"Guaraná Fantástica,Côte de Blaye,Louisiana Fiery Hot Pepper Sauce,Flotemysost",1997-05-19
10542,"Queso Cabrales,Tourtière",1997-05-20
10543,"Queso Manchego La Pastora,Tunnbröd",1997-05-21
10544,"Rössle Sauerkraut,Laughing Lumberjack Lager",1997-05-21
10545,"Queso Cabrales",1997-05-22
10546,"Steeleye Stout,Tarte au sucre,Uncle Bob's Organic Dried Pears",1997-05-23
10547,"Mascarpone Fabioli,Inlagd Sill",1997-05-23
10548,"Sasquatch Ale,Jack's New England Clam Chowder",1997-05-26
10549,"Manjimup Dried Apples,Gorgonzola Telino,Rogede sild",1997-05-27
10550,"Alice Mutton,Teatime Chocolate Biscuits,Sir Rodney's Scones,Sirop d'érable",1997-05-28
10551,"Pavlova,Steeleye Stout,Gula Malacca",1997-05-28
10552,"Gudbrandsdalsost,Rhönbräu Klosterbier",1997-05-29
10553,"Queso Cabrales,Pavlova,Gustaf's Knäckebröd,Gorgonzola Telino,Steeleye Stout",1997-05-30
10554,"Tunnbröd,Tarte au sucre,Original Frankfurter grüne Soße,Pavlova",1997-05-30
10555,"Tofu,Teatime Chocolate Biscuits,Guaraná Fantástica,Manjimup Dried Apples,Gnocchi di nonna Alice",1997-06-02
10556,"Mozzarella di Giovanni",1997-06-03
10557,"Wimmers gute Semmelknödel,Rhönbräu Klosterbier",1997-06-03
10558,"Zaanse koeken,Manjimup Dried Apples,Filo Mix,Perth Pasties,Röd Kaviar",1997-06-04
10559,"Jack's New England Clam Chowder,Pâté chinois",1997-06-05
10560,"Nord-Ost Matjeshering,Tarte au sucre",1997-06-06
10561,"Gula Malacca,Manjimup Dried Apples",1997-06-06
10562,"Geitost,Tarte au sucre",1997-06-09
10563,"Inlagd Sill,Filo Mix",1997-06-10
10564,"Alice Mutton,Gorgonzola Telino,Pâté chinois",1997-06-10
10565,"Guaraná Fantástica,Wimmers gute Semmelknödel",1997-06-11
10566,"Carnarvon Tigers,Lakkalikööri,Queso Cabrales",1997-06-12
10567,"Gorgonzola Telino,Manjimup Dried Apples,Raclette Courdavault",1997-06-12
10568,Ikura,1997-06-13
10569,"Gorgonzola Telino,Lakkalikööri",1997-06-16
10570,"Queso Cabrales,Gnocchi di nonna Alice",1997-06-17
10571,"Tofu,Singaporean Hokkien Fried Mee",1997-06-17
10572,"Pavlova,Mascarpone Fabioli,Boston Crab Meat,Rhönbräu Klosterbier",1997-06-18
10573,"Alice Mutton,Sasquatch Ale,Perth Pasties",1997-06-19
10574,"Geitost,Boston Crab Meat,Tarte au sucre,Wimmers gute Semmelknödel",1997-06-19
10575,"Vegie-spread,Mozzarella di Giovanni,Lakkalikööri,Raclette Courdavault",1997-06-20
10576,"Chai,Gorgonzola Telino,Gula Malacca",1997-06-23
10577,"Original Frankfurter grüne Soße,Chartreuse verte,Rhönbräu Klosterbier",1997-06-23
10578,"Steeleye Stout,Ravioli Angelo",1997-06-24
10579,"Genen Shouyu,Rhönbräu Klosterbier",1997-06-25
10580,"Tofu,Jack's New England Clam Chowder,Louisiana Fiery Hot Pepper Sauce",1997-06-26
10581,"Rhönbräu Klosterbier",1997-06-26
10582,"Ravioli Angelo,Lakkalikööri",1997-06-27
10583,"Thüringer Rostbratwurst,Camembert Pierrot,Gudbrandsdalsost",1997-06-30
10584,"Gorgonzola Telino",1997-06-30
10585,"Zaanse koeken",1997-07-01
10586,"Filo Mix",1997-07-02
10587,"Gumbär Gummibärchen,Steeleye Stout,Original Frankfurter grüne Soße",1997-07-02
10588,"Carnarvon Tigers,Singaporean Hokkien Fried Mee",1997-07-03
10589,"Steeleye Stout",1997-07-04
10590,"Original Frankfurter grüne Soße,Chai",1997-07-07
10591,"Aniseed Syrup,Uncle Bob's Organic Dried Pears,Tourtière",1997-07-07
10592,"Genen Shouyu,Gumbär Gummibärchen",1997-07-08
10593,"Lakkalikööri,Sir Rodney's Marmalade,Gudbrandsdalsost",1997-07-09
10594,"Filo Mix,Escargots de Bourgogne",1997-07-09
10595,"Steeleye Stout,Sirop d'érable,Gudbrandsdalsost",1997-07-10
10596,"Rhönbräu Klosterbier,Gnocchi di nonna Alice,Vegie-spread",1997-07-11
10597,"Guaraná Fantástica,Ravioli Angelo,Louisiana Fiery Hot Pepper Sauce",1997-07-11
10598,"Schoggi Schokolade,Flotemysost",1997-07-14
10599,"Tarte au sucre",1997-07-15
10600,"Röd Kaviar,Tourtière",1997-07-16
10601,"Konbu,Raclette Courdavault",1997-07-16
10602,"Original Frankfurter grüne Soße",1997-07-17
10603,"Gustaf's Knäckebröd,Maxilaku",1997-07-18
10604,"Chocolade,Lakkalikööri",1997-07-18
10605,"Pavlova,Raclette Courdavault,Camembert Pierrot,Flotemysost",1997-07-21
10606,"Chef Anton's Cajun Seasoning,Pâté chinois,Tarte au sucre",1997-07-22
10607,"Alice Mutton,Geitost,Boston Crab Meat,Mozzarella di Giovanni,Uncle Bob's Organic Dried Pears",1997-07-22
10608,"Gnocchi di nonna Alice",1997-07-23
10609,"Chai,Ikura,Sir Rodney's Scones",1997-07-24
10610,"Inlagd Sill",1997-07-25
10611,"Chai,Chang,Camembert Pierrot",1997-07-25
10612,"Lakkalikööri,Ikura,Inlagd Sill,Maxilaku,Camembert Pierrot",1997-07-28
10613,"Konbu,Rhönbräu Klosterbier",1997-07-29
10614,"Queso Cabrales,Sir Rodney's Scones,Chartreuse verte",1997-07-29
10615,"Pâté chinois",1997-07-30
10616,"Gnocchi di nonna Alice,Outback Lager,Flotemysost,Côte de Blaye",1997-07-31
10617,"Raclette Courdavault",1997-07-31
10618,"Grandma's Boysenberry Spread,Gnocchi di nonna Alice,Scottish Longbreads",1997-08-01
10619,"Gustaf's Knäckebröd,Sir Rodney's Scones",1997-08-04
10620,"Guaraná Fantástica,Filo Mix",1997-08-05
10621,"Teatime Chocolate Biscuits,Tunnbröd,Outback Lager,Flotemysost",1997-08-05
10622,"Scottish Longbreads,Chang",1997-08-06
10623,"Tofu,Teatime Chocolate Biscuits,Sir Rodney's Scones,Guaraná Fantástica,Steeleye Stout",1997-08-07
10624,"Gula Malacca,Rössle Sauerkraut,Thüringer Rostbratwurst",1997-08-07
10625,"Tofu,Singaporean Hokkien Fried Mee,Camembert Pierrot",1997-08-08
10626,"Perth Pasties,Camembert Pierrot,Flotemysost",1997-08-11
10627,"Röd Kaviar,Tarte au sucre",1997-08-11
10628,Chai,1997-08-12
10629,"Thüringer Rostbratwurst,Wimmers gute Semmelknödel",1997-08-12
10630,"Pâté chinois,Lakkalikööri",1997-08-13
10631,"Rhönbräu Klosterbier",1997-08-14
10632,"Geitost,Chang",1997-08-14
10633,"Queso Manchego La Pastora,Konbu,Gumbär Gummibärchen,Tarte au sucre",1997-08-15
10634,"Rhönbräu Klosterbier,Uncle Bob's Organic Dried Pears,Carnarvon Tigers,Manjimup Dried Apples",1997-08-15
10635,"Chef Anton's Cajun Seasoning,Chef Anton's Gumbo Mix,Gustaf's Knäckebröd",1997-08-18
10636,"Chef Anton's Cajun Seasoning,Escargots de Bourgogne",1997-08-19
10637,"Gnocchi di nonna Alice,Queso Cabrales,Valkoinen suklaa",1997-08-19
10638,"Rogede sild,Louisiana Fiery Hot Pepper Sauce,Mozzarella di Giovanni",1997-08-20
10639,"Carnarvon Tigers",1997-08-20
10640,"Gudbrandsdalsost,Outback Lager",1997-08-21
10641,"Boston Crab Meat,Chang",1997-08-22
10642,"Sir Rodney's Scones,Sirop d'érable",1997-08-22
10643,"Rössle Sauerkraut,Chartreuse verte,Spegesild",1997-08-25
10644,"Spegesild,Carnarvon Tigers,Ipoh Coffee",1997-08-25
10645,"Carnarvon Tigers,Inlagd Sill",1997-08-26
10646,"Chai,Ikura,Flotemysost,Original Frankfurter grüne Soße",1997-08-27
10647,"Chartreuse verte,Teatime Chocolate Biscuits",1997-08-27
10648,"Gustaf's Knäckebröd,Guaraná Fantástica",1997-08-28
10649,"Rössle Sauerkraut,Mozzarella di Giovanni",1997-08-28
10650,"Nord-Ost Matjeshering,Perth Pasties,Tourtière",1997-08-29
10651,"Teatime Chocolate Biscuits,Gustaf's Knäckebröd",1997-09-01
10652,"Nord-Ost Matjeshering,Singaporean Hokkien Fried Mee",1997-09-01
10653,"Pavlova,Camembert Pierrot",1997-09-02
10654,"Tourtière,Chef Anton's Cajun Seasoning,Chartreuse verte",1997-09-02
10655,"Jack's New England Clam Chowder",1997-09-03
10656,"Tofu,Gula Malacca,Zaanse koeken",1997-09-04
10657,"Zaanse koeken,Gnocchi di nonna Alice,Camembert Pierrot,Genen Shouyu,Jack's New England Clam Chowder,Spegesild",1997-09-04
10658,"Sir Rodney's Scones,Boston Crab Meat,Camembert Pierrot,Original Frankfurter grüne Soße",1997-09-05
10659,"Boston Crab Meat,Outback Lager,Gorgonzola Telino",1997-09-05
10660,"Sir Rodney's Marmalade",1997-09-08
10661,"Chartreuse verte,Escargots de Bourgogne",1997-09-09
10662,"Scottish Longbreads",1997-09-09
10663,"Manjimup Dried Apples,Boston Crab Meat,Singaporean Hokkien Fried Mee",1997-09-10
10664,"Ikura,Gnocchi di nonna Alice,Louisiana Fiery Hot Pepper Sauce",1997-09-10
10665,"Manjimup Dried Apples,Raclette Courdavault,Lakkalikööri",1997-09-11
10666,"Louisiana Fiery Hot Pepper Sauce,Thüringer Rostbratwurst",1997-09-12
10667,"Gudbrandsdalsost,Flotemysost",1997-09-12
10668,"Gorgonzola Telino,Pâté chinois,Wimmers gute Semmelknödel",1997-09-15
10669,"Inlagd Sill",1997-09-15
10670,"Spegesild,Laughing Lumberjack Lager,Röd Kaviar,Rhönbräu Klosterbier,Tunnbröd",1997-09-16
10671,"Pavlova,Tarte au sucre,Louisiana Fiery Hot Pepper Sauce",1997-09-17
10672,"Flotemysost,Côte de Blaye",1997-09-17
10673,"Pavlova,Singaporean Hokkien Fried Mee,Ipoh Coffee",1997-09-18
10674,"Tunnbröd",1997-09-18
10675,"Tofu,Perth Pasties,Escargots de Bourgogne",1997-09-19
10676,"Ikura,Teatime Chocolate Biscuits,Gula Malacca",1997-09-22
10677,"Gumbär Gummibärchen,Geitost",1997-09-22
10678,"Tourtière,Queso Manchego La Pastora,Geitost,Jack's New England Clam Chowder",1997-09-23
10679,"Raclette Courdavault",1997-09-23
10680,"Pavlova,Gorgonzola Telino,Singaporean Hokkien Fried Mee",1997-09-24
10681,"Teatime Chocolate Biscuits,Sir Rodney's Scones,Wimmers gute Semmelknödel",1997-09-25
10682,"Geitost,Louisiana Hot Spiced Okra,Rhönbräu Klosterbier",1997-09-25
10683,"Filo Mix",1997-09-26
10684,"Boston Crab Meat,Zaanse koeken,Camembert Pierrot",1997-09-26
10685,"Jack's New England Clam Chowder,Zaanse koeken,Ikura",1997-09-29
10686,"Alice Mutton,Gumbär Gummibärchen",1997-09-30
10687,"Mishi Kobe Niku,Thüringer Rostbratwurst,Inlagd Sill",1997-09-30
10688,"Rössle Sauerkraut,Sasquatch Ale,Ikura",1997-10-01
10689,Chai,1997-10-01
10690,"Gnocchi di nonna Alice,Original Frankfurter grüne Soße",1997-10-02
10691,"Gula Malacca,Tarte au sucre,Chai,Thüringer Rostbratwurst,Ipoh Coffee",1997-10-03
10692,Vegie-spread,1997-10-03
10693,"Mishi Kobe Niku,Tourtière,Gudbrandsdalsost,Röd Kaviar",1997-10-06
10694,"Raclette Courdavault,Outback Lager,Uncle Bob's Organic Dried Pears",1997-10-06
10695,"Northwoods Cranberry Sauce,Queso Manchego La Pastora,Guaraná Fantástica",1997-10-07
10696,"Alice Mutton,Spegesild",1997-10-08
10697,"Steeleye Stout,Escargots de Bourgogne,Outback Lager,Teatime Chocolate Biscuits",1997-10-08
10698,"Queso Cabrales,Alice Mutton,Thüringer Rostbratwurst,Louisiana Fiery Hot Pepper Sauce,Outback Lager",1997-10-09
10699,"Zaanse koeken",1997-10-09
10700,"Chai,Sasquatch Ale,Scottish Longbreads,Flotemysost",1997-10-10
10701,"Raclette Courdavault,Flotemysost,Lakkalikööri",1997-10-13
10702,"Aniseed Syrup,Lakkalikööri",1997-10-13
10703,"Chang,Raclette Courdavault,Röd Kaviar",1997-10-14
10704,"Chef Anton's Cajun Seasoning,Guaraná Fantástica,Chocolade",1997-10-14
10705,"Gorgonzola Telino,Mascarpone Fabioli",1997-10-15
10706,"Pavlova,Ipoh Coffee,Raclette Courdavault",1997-10-16
10707,"Pâté chinois,Ravioli Angelo,Outback Lager",1997-10-16
10708,"Chef Anton's Gumbo Mix,Inlagd Sill",1997-10-17
10709,"Northwoods Cranberry Sauce,Manjimup Dried Apples,Camembert Pierrot",1997-10-17
10710,"Teatime Chocolate Biscuits,Zaanse koeken",1997-10-20
10711,"Jack's New England Clam Chowder,Perth Pasties,Teatime Chocolate Biscuits",1997-10-21
10712,"Perth Pasties,Gnocchi di nonna Alice",1997-10-21
10713,"Ikura,Gumbär Gummibärchen,Rogede sild,Spegesild",1997-10-22
10714,"Chang,Alice Mutton,Zaanse koeken,Gnocchi di nonna Alice,Escargots de Bourgogne",1997-10-22
10715,"Ikura,Flotemysost",1997-10-23
10716,"Manjimup Dried Apples,Sirop d'érable,Sir Rodney's Scones",1997-10-24
10717,"Sir Rodney's Scones,Tourtière,Gudbrandsdalsost",1997-10-24
10718,"Tarte au sucre,Queso Manchego La Pastora,Pavlova,Inlagd Sill",1997-10-27
10719,"Carnarvon Tigers,Nord-Ost Matjeshering,Tourtière",1997-10-27
10720,"Steeleye Stout,Flotemysost",1997-10-28
10721,"Gula Malacca",1997-10-29
10722,"Gorgonzola Telino,Scottish Longbreads,Rhönbräu Klosterbier,Chang",1997-10-29
10723,"Gumbär Gummibärchen",1997-10-30
10724,"Ikura,Sirop d'érable",1997-10-30
10725,"Pâté chinois,Jack's New England Clam Chowder,Filo Mix",1997-10-31
10726,"Chef Anton's Cajun Seasoning,Queso Cabrales",1997-11-03
10727,"Alice Mutton,Gnocchi di nonna Alice,Raclette Courdavault",1997-11-03
10728,"Pâté chinois,Camembert Pierrot,Nord-Ost Matjeshering,Boston Crab Meat",1997-11-04
10729,"Chai,Sir Rodney's Scones,Valkoinen suklaa",1997-11-04
10730,"Pavlova,Gorgonzola Telino,Louisiana Fiery Hot Pepper Sauce",1997-11-05
10731,"Sir Rodney's Scones,Manjimup Dried Apples",1997-11-06
10732,"Lakkalikööri",1997-11-06
10733,"Tofu,Rössle Sauerkraut,Filo Mix",1997-11-07
10734,"Lakkalikööri,Grandma's Boysenberry Spread,Nord-Ost Matjeshering",1997-11-07
10735,"Sirop d'érable,Original Frankfurter grüne Soße",1997-11-10
10736,"Louisiana Fiery Hot Pepper Sauce,Rhönbräu Klosterbier",1997-11-11
10737,"Konbu,Jack's New England Clam Chowder",1997-11-11
10738,Pavlova,1997-11-12
10739,"Inlagd Sill,Filo Mix",1997-11-12
10740,"Rössle Sauerkraut,Steeleye Stout,Rogede sild,Gnocchi di nonna Alice",1997-11-13
10741,Chang,1997-11-14
10742,"Camembert Pierrot,Mozzarella di Giovanni,Aniseed Syrup",1997-11-14
10743,Spegesild,1997-11-17
10744,"Boston Crab Meat",1997-11-17
10745,"Carnarvon Tigers,Gula Malacca,Raclette Courdavault,Mozzarella di Giovanni",1997-11-18
10746,"Konbu,Singaporean Hokkien Fried Mee,Tarte au sucre,Gudbrandsdalsost",1997-11-19
10747,"Gorgonzola Telino,Jack's New England Clam Chowder,Vegie-spread,Gudbrandsdalsost",1997-11-19
10748,"Tunnbröd,Boston Crab Meat,Gnocchi di nonna Alice",1997-11-20
10749,"Gnocchi di nonna Alice,Raclette Courdavault,Lakkalikööri",1997-11-20
10750,"Raclette Courdavault,Tofu,Rogede sild",1997-11-21
10751,"Gumbär Gummibärchen,Nord-Ost Matjeshering,Valkoinen suklaa,Röd Kaviar",1997-11-24
10752,"Chai,Gudbrandsdalsost",1997-11-24
10753,"Longlife Tofu,Rogede sild",1997-11-25
10754,"Boston Crab Meat",1997-11-25
10755,"Zaanse koeken,Gnocchi di nonna Alice,Ravioli Angelo,Gudbrandsdalsost",1997-11-26
10756,"Scottish Longbreads,Gudbrandsdalsost,Carnarvon Tigers,Inlagd Sill",1997-11-27
10757,"Sasquatch Ale,Raclette Courdavault,Tarte au sucre,Wimmers gute Semmelknödel",1997-11-27
10758,"Outback Lager,Gumbär Gummibärchen,Filo Mix",1997-11-28
10759,"Mascarpone Fabioli",1997-11-28
10760,"NuNuCa Nuß-Nougat-Creme,Schoggi Schokolade,Ipoh Coffee",1997-12-01
10761,"NuNuCa Nuß-Nougat-Creme,Rhönbräu Klosterbier",1997-12-02
10762,"Zaanse koeken,Manjimup Dried Apples,Gnocchi di nonna Alice,Chartreuse verte",1997-12-02
10763,"Sir Rodney's Scones,Gustaf's Knäckebröd,Guaraná Fantástica",1997-12-03
10764,"Aniseed Syrup,Chartreuse verte",1997-12-03
10765,"Louisiana Fiery Hot Pepper Sauce",1997-12-04
10766,"Chang,Uncle Bob's Organic Dried Pears,Scottish Longbreads",1997-12-05
10767,"Singaporean Hokkien Fried Mee",1997-12-05
10768,"Flotemysost,Gustaf's Knäckebröd,Gorgonzola Telino,Camembert Pierrot",1997-12-08
10769,"Jack's New England Clam Chowder,Filo Mix,Sirop d'érable,Tarte au sucre",1997-12-08
10770,"Queso Cabrales",1997-12-09
10771,Flotemysost,1997-12-10
10772,"Raclette Courdavault,Thüringer Rostbratwurst",1997-12-10
10773,"Alice Mutton,Gorgonzola Telino,Rhönbräu Klosterbier",1997-12-11
10774,"Gorgonzola Telino,Louisiana Hot Spiced Okra",1997-12-11
10775,"Ikura,Laughing Lumberjack Lager",1997-12-12
10776,"Gorgonzola Telino,Singaporean Hokkien Fried Mee,Rogede sild,Manjimup Dried Apples",1997-12-15
10777,"Singaporean Hokkien Fried Mee",1997-12-15
10778,"Jack's New England Clam Chowder",1997-12-16
10779,"Pavlova,Tarte au sucre",1997-12-16
10780,"Outback Lager,Original Frankfurter grüne Soße",1997-12-16
10781,"Tourtière,Gnocchi di nonna Alice,Longlife Tofu",1997-12-17
10782,"Gorgonzola Telino",1997-12-17
10783,"Gorgonzola Telino,Côte de Blaye",1997-12-18
10784,"Inlagd Sill,Chartreuse verte,Mozzarella di Giovanni",1997-12-18
10785,"Ikura,Rhönbräu Klosterbier",1997-12-18
10786,"Northwoods Cranberry Sauce,Nord-Ost Matjeshering,Rhönbräu Klosterbier",1997-12-19
10787,"Chang,Thüringer Rostbratwurst",1997-12-19
10788,"Teatime Chocolate Biscuits,Rhönbräu Klosterbier",1997-12-22
10789,"Carnarvon Tigers,Steeleye Stout,Vegie-spread,Scottish Longbreads",1997-12-22
10790,"Uncle Bob's Organic Dried Pears,Gnocchi di nonna Alice",1997-12-22
10791,"Thüringer Rostbratwurst,Jack's New England Clam Chowder",1997-12-23
10792,"Chang,Tourtière,Scottish Longbreads",1997-12-23
10793,"Filo Mix,Jack's New England Clam Chowder",1997-12-24
10794,"Tofu,Tourtière",1997-12-24
10795,"Pavlova,Alice Mutton",1997-12-24
10796,"Gudbrandsdalsost,Gumbär Gummibärchen,Gula Malacca,Wimmers gute Semmelknödel",1997-12-25
10797,"Queso Cabrales",1997-12-25
10798,"Tarte au sucre,Mozzarella di Giovanni",1997-12-26
10799,"Konbu,Guaraná Fantástica,Raclette Courdavault",1997-12-26
10800,"Manjimup Dried Apples,Tourtière,Queso Cabrales",1997-12-26
10801,"Alice Mutton,Thüringer Rostbratwurst",1997-12-29
10802,"Nord-Ost Matjeshering,Manjimup Dried Apples,Pâté chinois,Tarte au sucre",1997-12-29
10803,"Teatime Chocolate Biscuits,NuNuCa Nuß-Nougat-Creme,Raclette Courdavault",1997-12-30
10804,"Ikura,Rössle Sauerkraut,Maxilaku",1997-12-30
10805,"Sasquatch Ale,Côte de Blaye",1997-12-30
10806,"Chang,Louisiana Fiery Hot Pepper Sauce,Longlife Tofu",1997-12-31
10807,"Boston Crab Meat",1997-12-31
10808,"Gnocchi di nonna Alice,Lakkalikööri",1998-01-01
10809,"Filo Mix",1998-01-01
10810,"NuNuCa Nuß-Nougat-Creme,Outback Lager,Konbu",1998-01-01
10811,"Teatime Chocolate Biscuits,Tunnbröd,Boston Crab Meat",1998-01-02
10812,"Gorgonzola Telino,Mozzarella di Giovanni,Original Frankfurter grüne Soße",1998-01-02
10813,"Chang,Spegesild",1998-01-05
10814,"Jack's New England Clam Chowder,Ipoh Coffee,Chocolade,Sirop d'érable",1998-01-05
10815,Geitost,1998-01-05
10816,"Tarte au sucre,Côte de Blaye",1998-01-06
10817,"Gumbär Gummibärchen,Côte de Blaye,Boston Crab Meat,Tarte au sucre",1998-01-06
10818,"Mascarpone Fabioli,Jack's New England Clam Chowder",1998-01-07
10819,"Rhönbräu Klosterbier,Ipoh Coffee",1998-01-07
10820,"Gnocchi di nonna Alice",1998-01-07
10821,"Steeleye Stout,Manjimup Dried Apples",1998-01-08
10822,"Tarte au sucre,Outback Lager",1998-01-08
10823,"Raclette Courdavault,Original Frankfurter grüne Soße,Queso Cabrales,Ravioli Angelo",1998-01-09
10824,"Jack's New England Clam Chowder,Outback Lager",1998-01-09
10825,"Gumbär Gummibärchen,Perth Pasties",1998-01-09
10826,"Gorgonzola Telino,Ravioli Angelo",1998-01-12
10827,"Ikura,Chartreuse verte",1998-01-12
10828,"Sir Rodney's Marmalade,Côte de Blaye",1998-01-13
10829,"Chang,Northwoods Cranberry Sauce,Konbu,Camembert Pierrot",1998-01-13
10830,"Grandma's Boysenberry Spread,Chartreuse verte,Camembert Pierrot,Scottish Longbreads",1998-01-13
10831,"Teatime Chocolate Biscuits,Steeleye Stout,Côte de Blaye,Ipoh Coffee",1998-01-14
10832,"Konbu,NuNuCa Nuß-Nougat-Creme,Gula Malacca,Wimmers gute Semmelknödel",1998-01-14
10833,"Uncle Bob's Organic Dried Pears,Gorgonzola Telino,Perth Pasties",1998-01-15
10834,"Nord-Ost Matjeshering,Thüringer Rostbratwurst",1998-01-15
10835,"Raclette Courdavault,Original Frankfurter grüne Soße",1998-01-15
10836,"Gustaf's Knäckebröd,Steeleye Stout,Ravioli Angelo,Camembert Pierrot,Wimmers gute Semmelknödel",1998-01-16
10837,"Konbu,Boston Crab Meat,Zaanse koeken,Lakkalikööri",1998-01-16
10838,"Chai,Carnarvon Tigers,Inlagd Sill",1998-01-19
10839,"Mozzarella di Giovanni,Escargots de Bourgogne",1998-01-19
10840,"NuNuCa Nuß-Nougat-Creme,Chartreuse verte",1998-01-19
10841,"Ikura,Gnocchi di nonna Alice,Raclette Courdavault,Original Frankfurter grüne Soße",1998-01-20
10842,"Ipoh Coffee,Scottish Longbreads,Outback Lager,Queso Cabrales",1998-01-20
10843,"Manjimup Dried Apples",1998-01-21
10844,"Gustaf's Knäckebröd",1998-01-21
10845,"Escargots de Bourgogne,Wimmers gute Semmelknödel,Tunnbröd,Steeleye Stout,Singaporean Hokkien Fried Mee",1998-01-21
10846,"Chef Anton's Cajun Seasoning,Outback Lager,Longlife Tofu",1998-01-22
10847,"Rogede sild,Camembert Pierrot,Flotemysost,Chai,Teatime Chocolate Biscuits,Gravad lax",1998-01-22
10848,"Chef Anton's Gumbo Mix,Mishi Kobe Niku",1998-01-23
10849,"Aniseed Syrup,Gumbär Gummibärchen",1998-01-23
10850,"Geitost,Outback Lager,NuNuCa Nuß-Nougat-Creme",1998-01-23
10851,"Chang,NuNuCa Nuß-Nougat-Creme,Ravioli Angelo,Raclette Courdavault",1998-01-26
10852,"Tarte au sucre,Chang,Alice Mutton",1998-01-26
10853,"Carnarvon Tigers",1998-01-27
10854,"Ikura,Konbu",1998-01-27
10855,"Pavlova,Gorgonzola Telino,Gnocchi di nonna Alice,Louisiana Fiery Hot Pepper Sauce",1998-01-27
10856,"Chang,Singaporean Hokkien Fried Mee",1998-01-28
10857,"Aniseed Syrup,Gumbär Gummibärchen,Thüringer Rostbratwurst",1998-01-28
10858,"Uncle Bob's Organic Dried Pears,Schoggi Schokolade,Outback Lager",1998-01-29
10859,"Guaraná Fantástica,Tourtière,Wimmers gute Semmelknödel",1998-01-29
10860,"Manjimup Dried Apples,Lakkalikööri",1998-01-29
10861,"Geitost,Tarte au sucre,Alice Mutton,Carnarvon Tigers,Sir Rodney's Scones",1998-01-30
10862,"Queso Cabrales,Filo Mix",1998-01-30
10863,"Chai,Escargots de Bourgogne",1998-02-02
10864,"Steeleye Stout,Laughing Lumberjack Lager",1998-02-02
10865,"Côte de Blaye,Chartreuse verte",1998-02-02
10866,"Chang,Guaraná Fantástica,Nord-Ost Matjeshering",1998-02-03
10867,"Perth Pasties",1998-02-03
10868,"Maxilaku,Gumbär Gummibärchen,Steeleye Stout",1998-02-04
10869,"Chai,Queso Cabrales,Tunnbröd,Scottish Longbreads",1998-02-04
10870,"Steeleye Stout,Manjimup Dried Apples",1998-02-04
10871,"Pavlova,Alice Mutton,Grandma's Boysenberry Spread",1998-02-05
10872,"Pâté chinois,Tarte au sucre,Wimmers gute Semmelknödel,Louisiana Fiery Hot Pepper Sauce",1998-02-05
10873,"Sir Rodney's Scones,Rössle Sauerkraut",1998-02-06
10874,Ikura,1998-02-06
10875,"Teatime Chocolate Biscuits,Zaanse koeken,Maxilaku",1998-02-06
10876,"Spegesild,Wimmers gute Semmelknödel",1998-02-09
10877,"Pavlova,Carnarvon Tigers",1998-02-09
10878,"Sir Rodney's Marmalade",1998-02-10
10879,"Boston Crab Meat,Louisiana Fiery Hot Pepper Sauce,Lakkalikööri",1998-02-10
10880,"Tunnbröd,Sirop d'érable,Outback Lager",1998-02-10
10881,"Röd Kaviar",1998-02-11
10882,"Singaporean Hokkien Fried Mee,Maxilaku,Tourtière",1998-02-11
10883,"Guaraná Fantástica",1998-02-12
10884,"Sir Rodney's Scones,Gnocchi di nonna Alice,Louisiana Fiery Hot Pepper Sauce",1998-02-12
10885,"Guaraná Fantástica,Outback Lager,Original Frankfurter grüne Soße,Chang",1998-02-12
10886,"Ikura,Gorgonzola Telino,Original Frankfurter grüne Soße",1998-02-13
10887,"NuNuCa Nuß-Nougat-Creme",1998-02-13
10888,"Scottish Longbreads,Chang",1998-02-16
10889,"Queso Cabrales,Côte de Blaye",1998-02-16
10890,"Alice Mutton,Sasquatch Ale,Jack's New England Clam Chowder",1998-02-16
10891,"Nord-Ost Matjeshering",1998-02-17
10892,"Raclette Courdavault",1998-02-17
10893,"Northwoods Cranberry Sauce,Guaraná Fantástica,Thüringer Rostbratwurst,Nord-Ost Matjeshering,Inlagd Sill",1998-02-18
10894,"Konbu,Gudbrandsdalsost,Rhönbräu Klosterbier",1998-02-18
10895,"Guaraná Fantástica,Chartreuse verte,Boston Crab Meat,Camembert Pierrot",1998-02-18
10896,"Rogede sild,Gnocchi di nonna Alice",1998-02-19
10897,"Thüringer Rostbratwurst,Nord-Ost Matjeshering",1998-02-19
10898,Konbu,1998-02-20
10899,"Chartreuse verte",1998-02-20
10900,"Outback Lager",1998-02-20
10901,"Jack's New England Clam Chowder,Flotemysost",1998-02-23
10902,"Pâté chinois,Tarte au sucre",1998-02-23
10903,"Louisiana Fiery Hot Pepper Sauce,Scottish Longbreads,Konbu",1998-02-24
10904,"Escargots de Bourgogne,Tarte au sucre",1998-02-24
10905,Chai,1998-02-24
10906,"Sirop d'érable",1998-02-25
10907,"Rhönbräu Klosterbier",1998-02-25
10908,"Filo Mix,Uncle Bob's Organic Dried Pears",1998-02-26
10909,"Uncle Bob's Organic Dried Pears,Pavlova,Jack's New England Clam Chowder",1998-02-26
10910,"Teatime Chocolate Biscuits,Maxilaku,Sirop d'érable",1998-02-26
10911,"Alice Mutton,Laughing Lumberjack Lager,Chai",1998-02-26
10912,"Queso Cabrales,Thüringer Rostbratwurst",1998-02-26
10913,"Chef Anton's Cajun Seasoning,Geitost,Escargots de Bourgogne",1998-02-26
10914,Flotemysost,1998-02-27
10915,"Alice Mutton,Geitost,Tourtière",1998-02-27
10916,"Pavlova,Mascarpone Fabioli,Ravioli Angelo",1998-02-27
10917,"Nord-Ost Matjeshering,Camembert Pierrot",1998-03-02
10918,"Chai,Camembert Pierrot",1998-03-02
10919,"Pavlova,NuNuCa Nuß-Nougat-Creme,Boston Crab Meat",1998-03-02
10920,"Valkoinen suklaa",1998-03-03
10921,"Steeleye Stout,Vegie-spread",1998-03-03
10922,"Alice Mutton,Guaraná Fantástica",1998-03-03
10923,"Singaporean Hokkien Fried Mee,Ipoh Coffee,Laughing Lumberjack Lager",1998-03-03
10924,"Ikura,Rössle Sauerkraut,Rhönbräu Klosterbier",1998-03-04
10925,"Inlagd Sill,Filo Mix",1998-03-04
10926,"Queso Cabrales,Konbu,Teatime Chocolate Biscuits,Mozzarella di Giovanni",1998-03-04
10927,"Lakkalikööri,Sir Rodney's Marmalade,Filo Mix",1998-03-05
10928,"Zaanse koeken,Lakkalikööri",1998-03-05
10929,"Sir Rodney's Scones,Rhönbräu Klosterbier,Original Frankfurter grüne Soße",1998-03-05
10930,"Pâté chinois,Escargots de Bourgogne,Sir Rodney's Scones,Schoggi Schokolade",1998-03-06
10931,"Konbu,Ravioli Angelo",1998-03-06
10932,"Pavlova,Tarte au sucre,Mozzarella di Giovanni,Rhönbräu Klosterbier",1998-03-06
10933,"Perth Pasties,Sirop d'érable",1998-03-06
10934,"Grandma's Boysenberry Spread",1998-03-09
10935,"Chai,Carnarvon Tigers,Tunnbröd",1998-03-09
10936,"Inlagd Sill",1998-03-09
10937,"Sasquatch Ale,Rössle Sauerkraut",1998-03-10
10938,"Konbu,Ipoh Coffee,Camembert Pierrot,Flotemysost",1998-03-10
10939,"Chang,Laughing Lumberjack Lager",1998-03-10
10940,"Konbu,Uncle Bob's Organic Dried Pears",1998-03-11
10941,"Gorgonzola Telino,Tarte au sucre,Scottish Longbreads,Mozzarella di Giovanni",1998-03-11
10942,Maxilaku,1998-03-11
10943,"Spegesild,Konbu,Gustaf's Knäckebröd",1998-03-11
10944,"Queso Cabrales,Gula Malacca,Gnocchi di nonna Alice",1998-03-12
10945,"Konbu,Gorgonzola Telino",1998-03-12
10946,"Original Frankfurter grüne Soße,Ikura,Guaraná Fantástica",1998-03-12
10947,"Raclette Courdavault",1998-03-13
10948,"Valkoinen suklaa,Manjimup Dried Apples,Pâté chinois",1998-03-13
10949,"Tarte au sucre,Grandma's Boysenberry Spread,Ikura,Alice Mutton",1998-03-13
10950,"Chef Anton's Cajun Seasoning",1998-03-16
10951,"Geitost,Jack's New England Clam Chowder,Rhönbräu Klosterbier",1998-03-16
10952,"Grandma's Boysenberry Spread,Rössle Sauerkraut",1998-03-16
10953,"Gorgonzola Telino,Sir Rodney's Marmalade",1998-03-16
10954,"Pavlova,Gorgonzola Telino,Rogede sild,Camembert Pierrot",1998-03-17
10955,"Rhönbräu Klosterbier",1998-03-17
10956,"Manjimup Dried Apples,Sir Rodney's Scones,Zaanse koeken",1998-03-17
10957,"Nord-Ost Matjeshering,Steeleye Stout,Wimmers gute Semmelknödel",1998-03-18
10958,"Chef Anton's Gumbo Mix,Uncle Bob's Organic Dried Pears,Mozzarella di Giovanni",1998-03-18
10959,"Rhönbräu Klosterbier",1998-03-18
10960,"Guaraná Fantástica,Jack's New England Clam Chowder",1998-03-19
10961,"Filo Mix,Lakkalikööri",1998-03-19
10962,"Lakkalikööri,Uncle Bob's Organic Dried Pears,Konbu,Perth Pasties,Gudbrandsdalsost",1998-03-19
10963,"Camembert Pierrot",1998-03-19
10964,"Carnarvon Tigers,Côte de Blaye,Gudbrandsdalsost",1998-03-20
10965,"Manjimup Dried Apples",1998-03-20
10966,"Tarte au sucre,Gravad lax,Gnocchi di nonna Alice",1998-03-20
10967,"Teatime Chocolate Biscuits,Maxilaku",1998-03-23
10968,"Queso Manchego La Pastora,Guaraná Fantástica,Wimmers gute Semmelknödel",1998-03-23
10969,Spegesild,1998-03-23
10970,"Filo Mix",1998-03-24
10971,"Thüringer Rostbratwurst",1998-03-24
10972,"Alice Mutton,Geitost",1998-03-24
10973,"Gumbär Gummibärchen,Jack's New England Clam Chowder,Rhönbräu Klosterbier",1998-03-24
10974,Vegie-spread,1998-03-25
10975,"Rhönbräu Klosterbier,Northwoods Cranberry Sauce",1998-03-25
10976,"Rössle Sauerkraut",1998-03-25
10977,"Chartreuse verte,Zaanse koeken,Manjimup Dried Apples,Vegie-spread",1998-03-26
10978,"Boston Crab Meat,Gula Malacca,Northwoods Cranberry Sauce,Sir Rodney's Scones",1998-03-26
10979,"Uncle Bob's Organic Dried Pears,Queso Manchego La Pastora,Guaraná Fantástica,Schoggi Schokolade,Gorgonzola Telino,Vegie-spread",1998-03-26
10980,"Rhönbräu Klosterbier",1998-03-27
10981,"Côte de Blaye",1998-03-27
10982,"Uncle Bob's Organic Dried Pears,Ipoh Coffee",1998-03-27
10983,"Konbu,Ravioli Angelo",1998-03-27
10984,"Inlagd Sill,Pavlova,Guaraná Fantástica",1998-03-30
10985,"Pavlova,Carnarvon Tigers,Mascarpone Fabioli",1998-03-30
10986,"Queso Cabrales,Sir Rodney's Marmalade,Lakkalikööri,Original Frankfurter grüne Soße",1998-03-30
10987,"Uncle Bob's Organic Dried Pears,Ipoh Coffee,Mozzarella di Giovanni",1998-03-31
10988,"Uncle Bob's Organic Dried Pears,Tarte au sucre",1998-03-31
10989,"Grandma's Boysenberry Spread,Queso Cabrales,Jack's New England Clam Chowder",1998-03-31
10990,"Sir Rodney's Scones,Sasquatch Ale,Pâté chinois,Sirop d'érable",1998-04-01
10991,"Chang,Outback Lager,Lakkalikööri",1998-04-01
10992,"Mozzarella di Giovanni",1998-04-01
10993,"Thüringer Rostbratwurst,Jack's New England Clam Chowder",1998-04-01
10994,"Raclette Courdavault",1998-04-02
10995,"Manjimup Dried Apples,Camembert Pierrot",1998-04-02
10996,"Singaporean Hokkien Fried Mee",1998-04-02
10997,"Filo Mix,Mascarpone Fabioli,Spegesild",1998-04-03
10998,"Guaraná Fantástica,Sirop d'érable,Longlife Tofu,Rhönbräu Klosterbier",1998-04-03
10999,"Jack's New England Clam Chowder,Manjimup Dried Apples,Original Frankfurter grüne Soße",1998-04-03
11000,"Chef Anton's Cajun Seasoning,Guaraná Fantástica,Original Frankfurter grüne Soße",1998-04-06
11001,"Uncle Bob's Organic Dried Pears,Gustaf's Knäckebröd,Spegesild,Pâté chinois",1998-04-06
11002,"Steeleye Stout,Singaporean Hokkien Fried Mee,Pâté chinois,Konbu",1998-04-06
11003,"Chai,Boston Crab Meat,Filo Mix",1998-04-06
11004,"Gumbär Gummibärchen,Lakkalikööri",1998-04-07
11005,"Chai,Raclette Courdavault",1998-04-07
11006,"Chai,Thüringer Rostbratwurst",1998-04-07
11007,"Northwoods Cranberry Sauce,Thüringer Rostbratwurst,Singaporean Hokkien Fried Mee",1998-04-08
11008,"Sasquatch Ale,Flotemysost,Rössle Sauerkraut",1998-04-08
11009,"Guaraná Fantástica,Inlagd Sill,Camembert Pierrot",1998-04-08
11010,"Uncle Bob's Organic Dried Pears,Guaraná Fantástica",1998-04-09
11011,"Flotemysost,Escargots de Bourgogne",1998-04-09
11012,"Teatime Chocolate Biscuits,Camembert Pierrot,Flotemysost",1998-04-09
11013,"Tunnbröd,Singaporean Hokkien Fried Mee,Rogede sild,Scottish Longbreads",1998-04-09
11014,"Jack's New England Clam Chowder",1998-04-10
11015,"Nord-Ost Matjeshering,Original Frankfurter grüne Soße",1998-04-10
11016,"Gorgonzola Telino,Inlagd Sill",1998-04-10
11017,"Aniseed Syrup,Raclette Courdavault,Outback Lager",1998-04-13
11018,"Queso Manchego La Pastora,Carnarvon Tigers,Gnocchi di nonna Alice",1998-04-13
11019,"Spegesild,Maxilaku",1998-04-13
11020,Ikura,1998-04-14
11021,"Gumbär Gummibärchen,Manjimup Dried Apples,Mozzarella di Giovanni,Chang,Sir Rodney's Marmalade",1998-04-14
11022,"Teatime Chocolate Biscuits,Gudbrandsdalsost",1998-04-14
11023,"Uncle Bob's Organic Dried Pears,Ipoh Coffee",1998-04-14
11024,"Geitost,Louisiana Fiery Hot Pepper Sauce,Flotemysost,Gumbär Gummibärchen",1998-04-15
11025,"Chai,Konbu",1998-04-15
11026,"Carnarvon Tigers,Manjimup Dried Apples",1998-04-15
11027,"Tarte au sucre,Guaraná Fantástica",1998-04-16
11028,"Pâté chinois,Raclette Courdavault",1998-04-16
11029,"Gnocchi di nonna Alice,Vegie-spread",1998-04-16
11030,"Raclette Courdavault,Chang,Chef Anton's Gumbo Mix,Thüringer Rostbratwurst",1998-04-17
11031,"Chai,Konbu,Guaraná Fantástica,Wimmers gute Semmelknödel,Flotemysost",1998-04-17
11032,"Raclette Courdavault,Inlagd Sill,Côte de Blaye",1998-04-17
11033,"Perth Pasties,Gudbrandsdalsost",1998-04-17
11034,"Sir Rodney's Scones,Gula Malacca,Sirop d'érable",1998-04-20
11035,"Singaporean Hokkien Fried Mee,Tourtière,Chai,Steeleye Stout",1998-04-20
11036,"Konbu,Raclette Courdavault",1998-04-20
11037,"Outback Lager",1998-04-21
11038,"Boston Crab Meat,Filo Mix,Flotemysost",1998-04-21
11039,"Rössle Sauerkraut,Steeleye Stout,Maxilaku,Ravioli Angelo",1998-04-21
11040,"Sir Rodney's Scones",1998-04-22
11041,"Chang,Vegie-spread",1998-04-22
11042,"Gula Malacca,Sirop d'érable",1998-04-22
11043,"Queso Cabrales",1998-04-22
11044,"Tarte au sucre",1998-04-23
11045,"Manjimup Dried Apples,Geitost",1998-04-23
11046,"Queso Manchego La Pastora,Mascarpone Fabioli,Steeleye Stout",1998-04-23
11047,"Chai,Chef Anton's Gumbo Mix",1998-04-24
11048,"Scottish Longbreads",1998-04-24
11049,"Queso Manchego La Pastora,Chang",1998-04-24
11050,"Lakkalikööri",1998-04-27
11051,"Guaraná Fantástica",1998-04-27
11052,"Ipoh Coffee,Sirop d'érable",1998-04-27
11053,"Carnarvon Tigers,Mascarpone Fabioli,Wimmers gute Semmelknödel",1998-04-27
11054,"Geitost,Laughing Lumberjack Lager",1998-04-28
11055,"Guaraná Fantástica,NuNuCa Nuß-Nougat-Creme,Manjimup Dried Apples,Ravioli Angelo",1998-04-28
11056,"Camembert Pierrot,Uncle Bob's Organic Dried Pears,Pâté chinois",1998-04-28
11057,"Outback Lager",1998-04-29
11058,"Sir Rodney's Scones,Camembert Pierrot,Sirop d'érable",1998-04-29
11059,"Konbu,Alice Mutton,Camembert Pierrot",1998-04-29
11060,"Camembert Pierrot,Original Frankfurter grüne Soße",1998-04-30
11061,"Camembert Pierrot",1998-04-30
11062,"Perth Pasties,Outback Lager",1998-04-30
11063,"Sasquatch Ale,Boston Crab Meat,Jack's New England Clam Chowder",1998-04-30
11064,"Alice Mutton,Jack's New England Clam Chowder,Perth Pasties,Pâté chinois,Scottish Longbreads",1998-05-01
11065,"Nord-Ost Matjeshering,Tourtière",1998-05-01
11066,"Teatime Chocolate Biscuits,Sasquatch Ale,Pavlova",1998-05-01
11067,"Jack's New England Clam Chowder",1998-05-04
11068,"Rössle Sauerkraut,Ipoh Coffee,Original Frankfurter grüne Soße",1998-05-04
11069,"Chartreuse verte",1998-05-04
11070,"Chang,Pavlova,Gorgonzola Telino,Chai",1998-05-05
11071,"Uncle Bob's Organic Dried Pears,Konbu",1998-05-05
11072,"Wimmers gute Semmelknödel,Chang,Jack's New England Clam Chowder,Valkoinen suklaa",1998-05-05
11073,"Queso Cabrales,Guaraná Fantástica",1998-05-05
11074,Pavlova,1998-05-06
11075,"Chang,Spegesild,Lakkalikööri",1998-05-06
11076,"Tofu,Teatime Chocolate Biscuits,Grandma's Boysenberry Spread",1998-05-06
11077,"Ikura,Chartreuse verte,Röd Kaviar,Queso Manchego La Pastora,Jack's New England Clam Chowder,Rhönbräu Klosterbier,Chang,Konbu,Spegesild,Original Frankfurter grüne Soße,Aniseed Syrup,Tofu,Filo Mix,Chef Anton's Cajun Seasoning,Pavlova,Pâté chinois,Grandma's Boysenberry Spread,Sir Rodney's Marmalade,Camembert Pierrot,Uncle Bob's Organic Dried Pears,Tunnbröd,Wimmers gute Semmelknödel,Northwoods Cranberry Sauce,Mascarpone Fabioli,Louisiana Hot Spiced Okra",1998-05-06